CustomerID,CustomerName
101,Derek Olsen
102,Kathy Sanchez
103,Stephanie Smith
104,Frank Pierce
105,Nicole Davis
106,Christopher Johnson
107,Alice Velasquez
108,Dawn Petersen
109,John Newton
110,Shelby Davenport
111,Brooke Sanders
112,Julie Williams
113,Casey Turner
114,Brittany Gamble
115,Kimberly Jones
116,Anthony Ross
117,Brandon Ross
118,David Daniels
119,Justin Chase
120,Jacob Patterson
121,James Bell
122,Matthew Henderson
123,Mary Weber
124,Dustin Howard
125,Sabrina Hamilton
126,Hannah Lee
127,Dylan Garcia
128,Joseph Robinson
129,Mike Porter
130,Matthew Arnold
131,Tony Fuller
132,Walter Carter
133,David Nguyen
134,Michael Owens
135,Bruce Fleming
136,David Jackson
137,Dominic Gonzalez
138,Natalie Williams
139,David Turner III
140,Nicholas Carlson
141,Brandon Delgado
142,Angela Williams
143,Lawrence Foster
144,Paul Merritt
145,Timothy Smith
146,Matthew Martin
147,Cheryl Davis
148,Jonathon Smith
149,Mark Barron
150,Kelly Brennan
151,Chelsea Cook
152,Melissa Allen
153,Clifford Faulkner
154,Alexandria Mcconnell
155,Mary Rodriguez
156,Isaiah Hood
157,Joseph Nixon
158,Robin Owens
159,Andrea Russell
160,Keith Marshall
161,Lisa Miller DDS
162,John Pearson
163,Sandra Torres
164,Nathan Watson
165,Mark Davenport
166,Dr. Stephen Schwartz
167,Emily Holden
168,Nicholas Jones
169,Todd Martinez
170,Morgan Peterson
171,Catherine Reeves DDS
172,Kenneth Morton
173,Lauren Smith
174,Ryan Moore
175,Daniel Huber
176,Kathy Rodriguez
177,Christian Rose
178,Nicholas Watts
179,James Brown
180,James Velasquez
181,Jennifer Shepard
182,Thomas Shepard
183,Nicole Peters
184,Wendy Banks
185,Allison Dean
186,Cynthia Becker
187,Brian Hicks
188,Emily Fleming
189,Abigail Castillo
190,Matthew Chapman
191,Matthew Rodriguez
192,Richard Parker
193,Jennifer Wallace
194,Robert Hoover
195,Kelly Obrien
196,Dawn Beasley
197,Rebecca Small
198,Courtney James
199,Janice Wilson
200,Kristie Sutton MD
201,Tina Jones
202,Danielle Case
203,David Mcdowell
204,Paula Dunn
205,Alyssa Barber
206,Harold Campbell
207,Steven Barker
208,Brian Young
209,Lori Davis
210,Stephen Huang
211,Walter Bonilla
212,Robert Woods
213,Edwin Sloan
214,Samantha Pittman
215,Calvin Gonzalez
216,Sarah Howell
217,Jared Hill
218,Nicholas Patterson
219,David Jones
220,Yolanda Bryant
221,Kirk Chang
222,Thomas Hardin
223,Clayton Mcmahon
224,Ryan Rios
225,Carolyn Watson
226,Dawn Ruiz
227,Justin Lewis
228,Rebecca Kelley
229,Lauren Howard
230,Kimberly Herrera
231,Erin Smith
232,Kevin Coleman
233,Ashley Davis
234,Melissa West
235,Kevin Reed
236,Alexandra Johnson
237,Jeffrey Kelly
238,Angela Hodges
239,Jackie James
240,Tracy Robinson
241,Austin Campbell
242,Brenda Brooks
243,Brooke Cox
244,Ashley Berry
245,Courtney Charles
246,Jeffrey Miller
247,Arthur Hill
248,Rebecca Mercado
249,Katherine Chandler
250,Jeremy Long
251,Jeffrey Randall
252,Brooke Johnson
253,Benjamin Johnson
254,Shannon Smith
255,Julie Ramos
256,Meredith Mills
257,Lawrence Santiago
258,Jeanette Morris
259,Michaela Fernandez
260,Wendy Russell
261,Matthew Morse
262,Brandy Moreno
263,Joshua Kent DDS
264,Eugene Cunningham
265,Laura Snyder
266,Ryan Flynn
267,Joseph Campos
268,April Freeman
269,Mr. Logan Clarke
270,Melanie Wilson
271,Nancy Lucas
272,Jay Jackson
273,Alvin Blake
274,Kelsey Keller
275,Amy Wise
276,Vickie Chase
277,Robert Cooley
278,Brandi Pineda
279,Dana Smith
280,Lisa Hernandez
281,Matthew Costa
282,Andrew Robertson
283,Mary Burns
284,Mary Kline
285,Rhonda Harrington
286,Cristian Cameron
287,Abigail Lewis
288,Allen Harper
289,Kylie Bryant
290,James Stein
291,Paul Solis
292,Elizabeth Elliott
293,Manuel Wilson
294,Nicole Meyer
295,Stanley Nguyen
296,Erin Fritz
297,Christine Hess
298,Richard Howell
299,Stephanie Jordan
300,Mason Lee
301,Eric Stewart DDS
302,Brittany Rubio
303,Taylor Tran
304,Marc Singleton
305,Emily Hill
306,Jesus Franklin
307,Kara Mitchell
308,Michael Berger
309,Tamara Torres
310,Dale Perez
311,Raymond Hester
312,John Evans
313,Jessica Strickland
314,John Decker
315,Juan Wilcox
316,Gregory Lewis
317,Erin Davis
318,Kristy Lewis
319,Sean Green
320,Susan Evans
321,Brittney Fowler
322,Christopher Gordon
323,Emily Hill
324,James Diaz
325,Amy Hall
326,Joshua Burton
327,Christina Lindsey
328,Sandra Brown
329,Ryan Edwards
330,Michael Allen
331,Colin Perry
332,Wayne Smith
333,Anne Jenkins
334,William Rodriguez
335,Bruce Steele
336,Justin Wallace
337,Edward Lin
338,Mary Johnson
339,Anthony Figueroa
340,Michael Smith
341,Kenneth Cortez
342,Johnny Jarvis
343,Stephanie Hunter
344,Rebecca Welch
345,Julie Schneider
346,Sean Kelly
347,Alan Walker
348,Jessica Olson
349,Brian Osborn
350,Scott Matthews
351,Sonya Richardson
352,Kevin Todd
353,James Torres
354,Mariah Barnett
355,Jeffrey Medina
356,Kimberly Pratt
357,Nicholas Erickson
358,Angela Wolfe
359,James Ferrell
360,Mr. Anthony Zimmerman
361,Robert Johnson
362,Sarah Thompson
363,James Jones
364,Brooke Griffin
365,Rachel Molina
366,David Harrington
367,Joanna Houston
368,John Sims
369,Laura Clark
370,James Howe
371,Thomas Williams
372,Erika Brown
373,Shawn Chen
374,Joseph Jones
375,Kimberly Villa
376,Danny Winters
377,Ashley Johnson
378,Crystal Wright
379,Tina Short
380,Sydney Lopez MD
381,Elizabeth Gould
382,Donald Sanchez
383,Elizabeth White
384,Jonathan Caldwell
385,Aaron Wilcox
386,Katie Frazier
387,April Mendoza
388,Gregory Short
389,Christine Mann
390,Kimberly Jackson
391,Kristy Jones
392,Albert Thompson
393,Angela Thomas
394,Gina Dalton
395,Patricia Cook
396,Amy Wilson
397,Lisa Anderson
398,Christopher Collins
399,Todd Hayes
400,Jose Jones
401,Michael Johnson
402,Ronald Clark
403,Michelle Gill
404,Abigail Williams
405,Sean Webb
406,Christopher Rodriguez
407,Scott Novak
408,Amy King
409,Rita Hayden
410,Brady Lynch
411,Amanda Jones
412,Katie Smith
413,Nathaniel Porter
414,Tina Velazquez
415,Kerry Berry
416,Joanna Farmer
417,David Sanders
418,Christine Wright
419,Cameron Williams
420,Dean Johnson
421,David Summers
422,Lisa Alexander
423,Linda Smith
424,Kathleen Smith
425,Timothy Irwin
426,Kelly Flores
427,Isabella Lane
428,Mr. Carl Campbell DDS
429,Calvin Bauer
430,Lisa Serrano
431,Justin James
432,Jennifer Dean
433,Alicia Jones
434,Andrea George
435,James Washington
436,Michael Moody
437,Ashlee Crawford
438,Betty Ward
439,Daniel Holland
440,Stephanie Johnson MD
441,Connor Hunter
442,Kristin Hardy
443,David Copeland
444,Caitlin Alvarado
445,David Robertson
446,Erica Rosales DVM
447,Robert George
448,Helen Ramirez
449,Michele Olson
450,Kevin Jenkins
451,Jon Lucas
452,Victoria Henson
453,Annette Lindsey
454,Heather Richards
455,Vanessa Phillips
456,Pamela Hill
457,Dustin Montoya
458,Keith Barnett
459,Parker Brennan
460,Robert Reed
461,Kathleen Gonzalez
462,Larry Jones
463,Leonard Perkins
464,Dennis Trujillo
465,Angela Walker
466,Shirley York
467,Brian Gonzales
468,Deanna Hughes
469,Paul Bates
470,Nathaniel Delacruz
471,Mrs. Denise Page
472,James Monroe
473,Sally Reed
474,Diana Singleton
475,Michael Norris
476,Elizabeth Perry
477,Deborah Obrien
478,Jeffrey Butler
479,Miranda Mccarthy
480,Kristopher Pena
481,Cynthia Hughes
482,Kevin Lopez
483,Roger Kemp
484,Tanner Smith
485,Briana Davis
486,Mark Miller
487,David Baker
488,Luke Reyes
489,Christopher Nelson
490,Isaac Roberson
491,Ethan Turner
492,Michelle Harris
493,Elizabeth Thompson DDS
494,Megan Colon
495,Steven Mathis
496,Alexander Myers
497,Donald Gutierrez
498,Wesley Anderson
499,Debra Parks
500,Barbara Figueroa
501,Timothy Scott
502,Matthew Zavala
503,Wendy Rivera
504,Vanessa Phillips
505,Andrew Pugh
506,Kathleen Perkins
507,Teresa Solomon
508,Anthony Snyder
509,James Rodriguez
510,Jesus Perez
511,Jay Ayers
512,Justin Reed
513,Diane Moran
514,Colin Garrett
515,Chad Sanders
516,Miss Allison Montgomery DDS
517,Crystal Miller
518,Hannah Cook
519,Laurie Gilbert
520,Amanda Bailey
521,Hunter Terry
522,Kimberly Brown
523,Michael Goodwin
524,Paul Prince
525,Christopher Nunez
526,James Thomas
527,Michele Moon
528,Daniel Jackson
529,Zachary Oliver
530,Erica Fisher
531,William Maldonado
532,Jason Aguirre
533,Debra Patrick
534,Vanessa Davis
535,Anthony Carrillo
536,Patricia Wilson
537,Derrick Hill
538,Samantha Gomez
539,Kristin Stevens
540,Diane Stuart
541,Robert Sanders
542,Scott Barnes
543,Anthony Davis
544,Madison Cannon
545,Shannon Thomas
546,Jessica Collins
547,Hector Warren
548,Christopher Melton
549,Wendy Diaz
550,Charlotte Estrada
551,Kathleen Wolf
552,William Dennis
553,Laura Simmons
554,Kimberly Glover
555,Brian Knight
556,Mariah White
557,Peter Lawson
558,April Watts
559,Thomas Sparks
560,Patrick Harrington
561,Matthew Franklin DVM
562,Debra Martin
563,Ronald Freeman
564,Bradley Molina
565,Angela Owens
566,Brian Baxter
567,Yvonne Baker
568,Angela Ford
569,Jose Carson
570,Diana Clark
571,Jennifer Reyes
572,Jennifer Richardson
573,Elizabeth Adkins
574,Jared Thompson
575,Nicole Bailey
576,Craig Ortiz
577,Elizabeth Duncan
578,Tamara Phillips
579,Alexander Haney
580,William Hancock
581,John Kennedy
582,Amanda Wang
583,Jessica Gould
584,Nicole Gardner
585,James Wilson
586,James Perry
587,Deborah Carroll
588,Jodi Gray
589,Alexandra Jensen
590,Justin Bailey
591,Ryan Stephens
592,Kelly Bell
593,Stephen Hopkins DVM
594,Patrick Wiggins
595,Michael Allen
596,Jennifer Williams
597,William Young
598,Melissa Lopez
599,Daniel Nelson
600,Ryan Lawrence
601,Mrs. Emily Long DDS
602,Terry Lee
603,Tracy Williams
604,Lori Adams
605,Jennifer Hart
606,Sara Bass
607,Dennis Jones
608,Brandon Bryan
609,Patricia Hernandez
610,Latasha Patterson
611,Karen Perry
612,Jerry Underwood
613,Joseph Cabrera
614,Sharon Smith
615,Kaitlyn Dixon
616,Sophia Higgins
617,Christopher Montoya
618,Kyle Stone
619,David Carpenter
620,Sarah Nguyen
621,John Edwards
622,Ann Smith
623,Andre Yang
624,Tricia Harris
625,Christina Phillips
626,Casey Burke
627,Amy Gonzales
628,Allen Williams
629,Linda Huynh
630,Miss Victoria Rivers
631,Julie Horn
632,Travis Wilson
633,Maria Franklin
634,Matthew Gates
635,Joshua Hudson
636,Vanessa Hansen
637,Luke West
638,April Peters
639,Stephanie Green
640,Jason Shah
641,Hannah Ramos
642,Joseph Stone
643,Jose Yu
644,Brenda Alvarado
645,Alexis Hudson
646,Kyle Acevedo
647,Anthony Watkins
648,Kimberly Miller
649,Matthew Mcdonald
650,Eric Macias
651,Lucas Brown
652,Kelsey Pena
653,Katrina Richards
654,Patricia Price
655,Marvin Villegas
656,Nicole Clark
657,Charles Rogers
658,Taylor Cummings
659,Mr. Gregg Reilly
660,Russell Beasley
661,Sally Wilkins
662,Deborah Ramsey
663,Corey Wagner
664,Lori Gutierrez
665,Hannah Flores
666,Cory Gomez
667,Matthew Baker
668,Travis Thomas
669,Jennifer Lane
670,Alexander Potter
671,Cynthia Davis
672,Steve Meyers
673,Robert Jackson
674,Richard Baldwin
675,Michael Vaughan
676,Jessica Johnson MD
677,Steven White
678,Kari Shea
679,Joseph Davis
680,Corey Brown
681,Andrea Flores
682,Maria Esparza
683,Phillip Williams
684,Diana Schneider
685,Jonathan Mathis
686,Kenneth Baker
687,Kaitlyn Taylor
688,Jonathan Wang
689,Gregory Wright
690,Brandon Wilson
691,Daniel Stephenson
692,Derrick Kelly
693,Taylor Patton
694,Wanda Gregory
695,Ashley Guerra
696,Laura Miller
697,Pamela Johnson
698,Jacqueline Hill
699,Pamela Brown
700,Misty Hayden
701,Erin Lewis
702,Steven Wiley
703,Heidi Ferguson
704,Isaac Mccann
705,Ann Curtis
706,Kyle Stewart
707,Thomas Moon
708,Deanna King
709,Elizabeth Taylor
710,Dr. Lori Good
711,Jeremy Hebert
712,Mrs. Bianca Hardin MD
713,Shawn Salazar
714,Mark Robinson
715,Brandi Johnson
716,Sheri Bowman
717,Jesus Hurst
718,Julie Ford
719,Jamie Ochoa
720,Brianna Bradley
721,Louis Krause
722,Christina Camacho
723,Hannah Reynolds
724,Michael Brown
725,Dave Martinez
726,Elizabeth Aguilar
727,Michelle Wong
728,Heather Tapia
729,Taylor Diaz
730,Jonathan Heath
731,Lisa Gonzalez
732,Laura Arias
733,Robert Wolfe
734,Mark Wheeler
735,Sarah Marshall
736,John Duncan
737,Rachel Owens
738,Daniel Watkins
739,Donald Hodges
740,Micheal Mullins
741,Nancy Gonzalez
742,Ashley Williams
743,Jason Irwin
744,Patrick Howell
745,Nicholas Rodriguez
746,Connie Barrera
747,Brittany Cook
748,Robert Sandoval
749,Timothy Taylor
750,Jeremy Harrison
751,Kristy Atkins
752,Robin Henson
753,Robert Miles
754,Peggy Mendoza
755,Sarah Gonzalez
756,Erik Harrell
757,Travis Smith
758,Frank Sullivan
759,Dennis Bennett
760,Jorge Hensley
761,Michelle Fitzpatrick
762,Casey Keith
763,Gary Campbell
764,Derrick Cox
765,Robert Morales
766,Tina Gardner
767,Paul Green
768,Bobby Dunn
769,Teresa Chandler
770,Jennifer Dickerson
771,Alexis Alvarado
772,Ray Williams
773,Charles Gomez
774,Angela Fuentes
775,Allison Hamilton
776,Michael Clark
777,Travis Rhodes
778,Andrew Williams
779,Jennifer Ramos
780,Nicole Matthews
781,Susan Hubbard
782,Rebecca Guerrero
783,James Suarez MD
784,Cynthia Miller
785,Heather Figueroa
786,Charles Riley
787,Andre Turner
788,Michael Mann
789,Danielle Johnston
790,Sarah David
791,Claudia Lee
792,James Harper
793,Kim Smith
794,Cynthia Cochran
795,Abigail Mejia
796,Joshua Meyers
797,William Miller
798,Dr. Peggy Ferguson
799,Justin Henderson V
800,Kevin Morton
801,Laurie Torres
802,Ronald Smith
803,Jon Davis
804,Douglas Smith
805,Richard Graham
806,Katherine Cooper
807,Antonio Christensen
808,Joshua Robertson
809,Steven Valentine
810,Thomas Wilson
811,John Mcmillan
812,Charles Gibson
813,Joseph Smith
814,Jamie Lambert
815,James Howard
816,Victoria Rojas
817,Katherine Kirk
818,Antonio Dixon
819,Blake Jensen
820,William Rhodes
821,Stacy Martin
822,Andrea Robinson
823,Michael Douglas
824,James James
825,Connie Morris
826,Joanne Hughes
827,Alexandria Moreno
828,Amanda Williams
829,Melissa Cook
830,Crystal Perez
831,Jeffrey Rose
832,Charles Jones
833,Kristin Crane
834,Terry Mcmahon
835,Theodore Zimmerman
836,James Vaughn
837,Jessica Cook
838,Melanie Gibbs
839,Ricky Hicks
840,Julie Hubbard
841,Justin Miller
842,Juan Schultz
843,Stephanie Haynes
844,Katie Castillo
845,Eric Herrera
846,Kenneth Peters
847,Dominic Johnson
848,Mrs. Joanna Huang
849,Ashley Shepard
850,Samantha Hill
851,Jared Lewis
852,Shannon Brewer
853,Brittany Webb
854,Patrick Hernandez
855,Ronnie Gallegos
856,William Mitchell MD
857,Tyler Crawford
858,Kathy Hester
859,John King
860,Michelle Barron
861,Billy Gomez
862,Brandon Woodward
863,Tina King
864,Edward Bailey
865,Debra Smith
866,Christina Murray
867,Elaine Wilcox
868,Tammy Stevenson
869,Jordan Holland
870,Jennifer Warner
871,Ronald Werner
872,Donna Adams
873,Wendy Richardson
874,Peter Vaughn
875,Stephanie Anderson
876,Jeffery Hayes DVM
877,Dr. Shannon Grant
878,Michael Johnson
879,Sean Donaldson
880,Robert Gray
881,Ryan Moreno
882,Emily Hampton
883,Teresa Holt
884,Emily Moreno
885,Alison Bond
886,Mrs. Cheryl Brown MD
887,Olivia Jackson
888,Anthony Fleming
889,Joseph Branch
890,Ryan Hubbard
891,Mark Brown
892,Jennifer Simmons
893,Carrie Lopez
894,Jesus Estrada
895,Allison Murray
896,Joseph Wade
897,Michelle Moore
898,David Cummings
899,Anna Webster
900,Sharon Nunez
