EmployeeID,Name
1,Joshua
2,Kelly
3,Michael
4,Lisa
5,Alexander
6,Ryan
7,Nathan
8,William
9,Heather
10,Spencer
11,Jennifer
12,Judith
13,Edward
14,Ryan
15,Nicholas
16,Nicole
17,Craig
18,Jacob
19,Nicole
20,Derek
21,Francisco
22,Aaron
23,Priscilla
24,Brian
25,Michael
26,David
27,Miguel
28,Gregory
29,Holly
30,James
31,Brian
32,William
33,Kimberly
34,Kevin
35,Sarah
36,Todd
37,Harry
38,Garrett
39,Paul
40,Paul
41,Brian
42,Bruce
43,Nancy
44,Linda
45,Francisco
46,Jeffery
47,Daniel
48,James
49,Tyler
50,Theresa
51,Lindsay
52,William
53,Jacob
54,Patrick
55,Amy
56,Kristy
57,Aaron
58,Sarah
59,Joshua
60,Amy
61,Collin
62,Patricia
63,Travis
64,Alexander
65,Crystal
66,Marc
67,Misty
68,Matthew
69,Lori
70,Joshua
71,Aaron
72,Jasmin
73,Jacob
74,Steven
75,Gregg
76,Andrew
77,Amanda
78,Nicholas
79,Chad
80,Jason
81,Patrick
82,Erin
83,Christopher
84,Rebecca
85,Kyle
86,Mackenzie
87,Amber
88,Daisy
89,Richard
90,Matthew
91,Tammy
92,Daniel
93,Drew
94,Aaron
95,Brianna
96,Carla
97,John
98,William
99,Kristin
100,Pamela
101,Keith
102,Ryan
103,David
104,Jeffrey
105,Cynthia
106,Chad
107,Charles
108,Lindsay
109,Samantha
110,Courtney
111,Elaine
112,Joshua
113,Renee
114,Ruth
115,Anna
116,Grant
117,Zachary
118,Joshua
119,Dylan
120,Megan
121,Adam
122,Curtis
123,Joseph
124,Sara
125,Brooke
126,Deborah
127,Bradley
128,Arthur
129,Barbara
130,Janice
131,Jennifer
132,Ryan
133,Dale
134,Loretta
135,Tiffany
136,Gloria
137,Donald
138,James
139,Craig
140,Richard
141,Sean
142,Monique
143,John
144,Dalton
145,Heather
146,Aaron
147,Elizabeth
148,Nicholas
149,Scott
150,Rebecca
151,Lisa
152,Matthew
153,Alicia
154,Katherine
155,Vicki
156,Danielle
157,William
158,Timothy
159,Wendy
160,Angela
161,Michael
162,Joe
163,Vanessa
164,Erin
165,Kevin
166,Karen
167,Ernest
168,Mark
169,Melanie
170,Mark
171,Alexis
172,Victoria
173,Jackie
174,Martin
175,Rebecca
176,Amy
177,Michael
178,Emily
179,Cindy
180,Joe
181,Victoria
182,Matthew
183,Audrey
184,Joseph
185,Sean
186,Mary
187,Jeff
188,Alvin
189,Karen
190,Natasha
191,Cody
192,Adam
193,Charles
194,Bradley
195,James
196,Kristen
197,Michael
198,Tamara
199,Kayla
200,Matthew
201,Randall
202,Brianna
203,Clarence
204,Matthew
205,James
206,Anthony
207,Ernest
208,Robert
209,Jesse
210,Melanie
211,Ryan
212,Christopher
213,Ricardo
214,Abigail
215,John
216,Christopher
217,Brandi
218,John
219,Chad
220,Brittany
221,Donald
222,Marie
223,Veronica
224,Anne
225,Kimberly
226,Jason
227,Steven
228,Robert
229,Nicholas
230,Jennifer
231,Charles
232,Amanda
233,Jessica
234,James
235,Jessica
236,Teresa
237,Courtney
238,Kelly
239,Angela
240,Cory
241,Stacy
242,Rebecca
243,Jaime
244,Rachel
245,Olivia
246,Natalie
247,Philip
248,James
249,Lance
250,Martin
251,Donald
252,Jasmin
253,Michael
254,Dustin
255,Nicholas
256,Jessica
257,Tony
258,Rebecca
259,Steven
260,Rebecca
261,Patrick
262,Robert
263,Rita
264,Colleen
265,Ian
266,Gwendolyn
267,Douglas
268,Laura
269,Trevor
270,Maria
271,Tara
272,Andrew
273,Michelle
274,Patrick
275,Nancy
276,Daniel
277,Tracey
278,Kevin
279,Christine
280,Mark
281,David
282,Levi
283,Evan
284,Mitchell
285,Michelle
286,Wayne
287,Dorothy
288,Larry
289,Jason
290,Jeffrey
291,Mason
292,Eric
293,Benjamin
294,Curtis
295,Robert
296,John
297,Kevin
298,Jade
299,Brian
300,Brian
301,Kristin
302,Kim
303,Jessica
304,Aaron
305,Adam
306,Kenneth
307,James
308,Megan
309,Scott
310,Kendra
311,Daniel
312,Gina
313,Linda
314,Linda
315,Teresa
316,David
317,Suzanne
318,Bethany
319,Edward
320,Ebony
321,Jennifer
322,Larry
323,Megan
324,Tara
325,Maria
326,Kathy
327,Randy
328,Laura
329,Charles
330,Victoria
331,Philip
332,Larry
333,Preston
334,Catherine
335,Jade
336,Christopher
337,Alexis
338,Dana
339,Elizabeth
340,Caitlin
341,Steven
342,Paul
343,Helen
344,Amy
345,Donna
346,Robert
347,Amanda
348,William
349,Edward
350,John
351,Dale
352,Sara
353,Scott
354,Isaac
355,Joshua
356,Lauren
357,Michael
358,Marcia
359,George
360,Daniel
361,Lindsey
362,Roger
363,Mark
364,Lisa
365,Joseph
366,Nancy
367,Stephanie
368,Stephanie
369,Troy
370,William
371,Kimberly
372,Jerry
373,Melissa
374,Amy
375,Katelyn
376,Juan
377,Robert
378,Anthony
379,Peter
380,Colton
381,Cynthia
382,Vicki
383,Justin
384,Catherine
385,Stacey
386,Kristin
387,Maureen
388,Kimberly
389,Emily
390,Cindy
391,Chris
392,Leah
393,Sarah
394,Michael
395,Nancy
396,Brian
397,Jessica
398,Kayla
399,Sheila
400,Mallory
401,Amanda
402,Belinda
403,Scott
404,Todd
405,Robert
406,Joshua
407,Brenda
408,Bethany
409,Melissa
410,Amy
411,Janet
412,Lisa
413,Michael
414,Christopher
415,Joshua
416,Theresa
417,Mario
418,Christine
419,Jason
420,Joshua
421,Teresa
422,Tracy
423,Amber
424,Tyler
425,Kevin
426,John
427,Nicole
428,Kevin
429,Jasmine
430,Alice
431,Steven
432,Brittany
433,Bradley
434,Roy
435,John
436,Jessica
437,Tracey
438,Zachary
439,Laura
440,Douglas
441,Bryan
442,Lori
443,Michael
444,Christine
445,Robert
446,Laurie
447,Lance
448,Bryan
449,Sara
450,Vanessa
451,Tamara
452,Casey
453,Diana
454,Kelly
455,Maureen
456,Gabriel
457,Mary
458,Christine
459,Claire
460,Noah
461,Cheyenne
462,Craig
463,Chad
464,Paul
465,Jason
466,Christopher
467,Jacob
468,Manuel
469,Thomas
470,Diana
471,Katie
472,Elizabeth
473,Alan
474,Lauren
475,Jesus
476,Michele
477,Janet
478,Debra
479,Daniel
480,Dennis
481,Jonathan
482,Michael
483,Steven
484,Rhonda
485,Tamara
486,Sara
487,Brenda
488,Mary
489,Christina
490,Mark
491,Todd
492,Alexandra
493,Brett
494,Alan
495,Michele
496,Julie
497,Michelle
498,David
499,David
500,Kristen
501,Melanie
502,Juan
503,Natasha
504,Kyle
505,Amy
506,Jerome
507,Christopher
508,Scott
509,Darlene
510,Melissa
511,Vincent
512,Alexander
513,Katherine
514,Fernando
515,Cheryl
516,Erin
517,Jeffrey
518,Molly
519,Jessica
520,Tracy
521,Sharon
522,Jonathan
523,Micheal
524,Stephanie
525,Joseph
526,Joseph
527,Curtis
528,Sandra
529,Regina
530,Jason
531,Michael
532,Timothy
533,William
534,Christopher
535,Stephanie
536,Jesse
537,Gina
538,Gary
539,Debra
540,Cheryl
541,Gina
542,Steve
543,Pamela
544,Jason
545,Kristina
546,George
547,Joshua
548,John
549,Michael
550,Justin
551,Kyle
552,Jacob
553,Lindsey
554,Kenneth
555,Catherine
556,Melissa
557,Ryan
558,Krystal
559,Matthew
560,Carl
561,Jennifer
562,Donna
563,Lauren
564,Derek
565,Andrew
566,Tina
567,Brandon
568,Elizabeth
569,Mark
570,Matthew
571,William
572,Benjamin
573,Jason
574,Kelly
575,Shane
576,Theresa
577,Kristin
578,Christopher
579,Melanie
580,Melissa
581,Nancy
582,Eddie
583,Angela
584,Albert
585,Melody
586,Megan
587,Deborah
588,David
589,Richard
590,Megan
591,Steve
592,Marissa
593,David
594,Cameron
595,Allison
596,Matthew
597,Tara
598,Paul
599,Joseph
600,Jeffrey
601,Jessica
602,Kristin
603,Kenneth
604,Vanessa
605,Katrina
606,Katie
607,Kevin
608,Taylor
609,Dennis
610,Jacob
611,Rhonda
612,Joel
613,Robert
614,Thomas
615,Cole
616,Louis
617,Shelly
618,William
619,Jonathan
620,Wanda
621,Derrick
622,Jennifer
623,Tamara
624,Stephanie
625,Bradley
626,Crystal
627,Tyler
628,Sarah
629,Todd
630,Nancy
631,Caleb
632,Robert
633,Bryan
634,Karen
635,Jesus
636,Emily
637,Sherri
638,Austin
639,Christopher
640,Michele
641,Deanna
642,Larry
643,Jose
644,Brenda
645,Nicholas
646,Eric
647,Connie
648,Stephen
649,Jennifer
650,Joseph
651,Cynthia
652,Melvin
653,Diamond
654,Jennifer
655,Mathew
656,Amanda
657,Jessica
658,Nicole
659,Timothy
660,Michael
661,Reginald
662,Randy
663,Adam
664,Aaron
665,Kent
666,Chad
667,Amanda
668,Barbara
669,Brian
670,Robert
671,Susan
672,Sonya
673,Michael
674,James
675,Jamie
676,James
677,Benjamin
678,Travis
679,Deborah
680,Donald
681,Roger
682,Joseph
683,Steven
684,Christine
685,Brandon
686,Jeffrey
687,Allison
688,Christine
689,Christy
690,Peter
691,Thomas
692,Tanya
693,Brenda
694,Matthew
695,Rachel
696,Matthew
697,Johnathan
698,James
699,Gina
700,Nicole
701,Peggy
702,Tristan
703,Anthony
704,Keith
705,Henry
706,Katherine
707,Carmen
708,Mathew
709,Bobby
710,Kimberly
711,Devin
712,Brandy
713,David
714,Dillon
715,Jonathan
716,Rebecca
717,Cassandra
718,Sarah
719,Mary
720,Sara
721,Ricky
722,Jennifer
723,Patricia
724,Gregory
725,Nancy
726,Gerald
727,Anne
728,Grant
729,Alicia
730,Heidi
731,Christopher
732,Brian
733,Kaitlyn
734,Miranda
735,Christina
736,Bradley
737,Kenneth
738,Carrie
739,Jason
740,Carolyn
741,Melissa
742,Carolyn
743,Anne
744,Rachel
745,Michael
746,Rebecca
747,Erica
748,Kayla
749,Michael
750,Gregory
751,Victor
752,Dan
753,Sheri
754,Natalie
755,Andrew
756,John
757,Adam
758,Brian
759,Ashley
760,Andrew
761,Chase
762,Brianna
763,Lisa
764,Alexis
765,Randy
766,Alex
767,Douglas
768,Philip
769,Peter
770,Rebecca
771,Cynthia
772,Madison
773,Deanna
774,Nathan
775,Yvonne
776,Samantha
777,Kristina
778,Kathleen
779,Brooke
780,Marvin
781,Lisa
782,David
783,Andrea
784,Kelly
785,Christopher
786,Kaitlyn
787,Shelly
788,Corey
789,Linda
790,Bonnie
791,Holly
792,Sharon
793,Mathew
794,Richard
795,Angela
796,Tammy
797,Timothy
798,Allen
799,Brandon
800,Wayne
