ProductID,ProductName
1,No
2,Few
3,Feeling
4,Each
5,Relate
6,Hotel
7,Research
8,Authority
9,Congress
10,Us
11,Reach
12,Fill
13,Reality
14,Local
15,Agency
16,Effort
17,International
18,Surface
19,Daughter
20,None
21,Point
22,Laugh
23,Nothing
24,Garden
25,Film
26,Effect
27,Community
28,Degree
29,Budget
30,Draw
31,At
32,Future
33,Fish
34,Class
35,Sign
36,Begin
37,While
38,Benefit
39,Have
40,Dream
41,Where
42,Receive
43,Catch
44,Here
45,Simple
46,Common
47,Answer
48,Those
49,Prepare
50,Section
51,City
52,Improve
53,Special
54,Six
55,Accept
56,Hand
57,Mouth
58,Market
59,Bill
60,Decide
61,Well
62,Source
63,Center
64,Effort
65,Condition
66,Middle
67,Know
68,Somebody
69,Light
70,Thing
71,Sing
72,Wear
73,One
74,Benefit
75,Bar
76,Resource
77,Mr
78,Watch
79,Still
80,Yes
81,Attorney
82,Fine
83,Field
84,Message
85,Physical
86,Grow
87,Other
88,Surface
89,Building
90,Know
91,She
92,Why
93,Hit
94,Reason
95,If
96,Court
97,Less
98,Phone
99,Specific
100,Method
